{
    "1": {
        "loss": 0.030364493454328925,
        "metrics": {
            "acc1": 0.9904,
            "precision": 0.9904104821291485,
            "f1": 0.9903999575174437,
            "recall": 0.9904
        }
    },
    "2": {
        "loss": 0.02571086837566686,
        "metrics": {
            "acc1": 0.992,
            "precision": 0.9920129460121323,
            "f1": 0.9920007554516782,
            "recall": 0.992
        }
    },
    "3": {
        "loss": 0.024589520100638373,
        "metrics": {
            "acc1": 0.9925,
            "precision": 0.9925096824459446,
            "f1": 0.9925002958510304,
            "recall": 0.9925
        }
    },
    "4": {
        "loss": 0.026546871494144524,
        "metrics": {
            "acc1": 0.9924,
            "precision": 0.9924156888747472,
            "f1": 0.9924016258312404,
            "recall": 0.9924
        }
    },
    "5": {
        "loss": 0.02765998001672565,
        "metrics": {
            "acc1": 0.9931,
            "precision": 0.9931086450305778,
            "f1": 0.9931004781758824,
            "recall": 0.9931
        }
    },
    "6": {
        "loss": 0.026393022844737716,
        "metrics": {
            "acc1": 0.9928,
            "precision": 0.9928078074481318,
            "f1": 0.9928008564096019,
            "recall": 0.9928
        }
    },
    "7": {
        "loss": 0.025670406374713645,
        "metrics": {
            "acc1": 0.9938,
            "precision": 0.9938048788902334,
            "f1": 0.9938009464846673,
            "recall": 0.9938
        }
    },
    "8": {
        "loss": 0.02988598238124242,
        "metrics": {
            "acc1": 0.9927,
            "precision": 0.9927034661655285,
            "f1": 0.9927003330868022,
            "recall": 0.9927
        }
    },
    "9": {
        "loss": 0.03117739024178872,
        "metrics": {
            "acc1": 0.9929,
            "precision": 0.9929084628651416,
            "f1": 0.9929010609347148,
            "recall": 0.9929
        }
    },
    "10": {
        "loss": 0.029543470783580193,
        "metrics": {
            "acc1": 0.9933,
            "precision": 0.9933054090454417,
            "f1": 0.993300697484613,
            "recall": 0.9933
        }
    },
    "11": {
        "loss": 0.028738482139229315,
        "metrics": {
            "acc1": 0.9935,
            "precision": 0.993510010039062,
            "f1": 0.9935018063669204,
            "recall": 0.9935
        }
    },
    "12": {
        "loss": 0.029636848115392706,
        "metrics": {
            "acc1": 0.993,
            "precision": 0.9930061160337975,
            "f1": 0.9930010923410826,
            "recall": 0.993
        }
    },
    "13": {
        "loss": 0.030597228653443363,
        "metrics": {
            "acc1": 0.9932,
            "precision": 0.9932050393899413,
            "f1": 0.993200666951948,
            "recall": 0.9932
        }
    },
    "14": {
        "loss": 0.03154023481762781,
        "metrics": {
            "acc1": 0.9931,
            "precision": 0.9931060777259321,
            "f1": 0.9931006150886124,
            "recall": 0.9931
        }
    },
    "15": {
        "loss": 0.03408504442712964,
        "metrics": {
            "acc1": 0.9927,
            "precision": 0.9927056291684988,
            "f1": 0.9927004318374409,
            "recall": 0.9927
        }
    },
    "16": {
        "loss": 0.03195458901504625,
        "metrics": {
            "acc1": 0.9933,
            "precision": 0.9933070025551711,
            "f1": 0.9933003473475648,
            "recall": 0.9933
        }
    },
    "17": {
        "loss": 0.032492042053860616,
        "metrics": {
            "acc1": 0.9934,
            "precision": 0.9934029993886808,
            "f1": 0.9934000790801975,
            "recall": 0.9934
        }
    },
    "18": {
        "loss": 0.03444459870514733,
        "metrics": {
            "acc1": 0.9932,
            "precision": 0.9932045306138847,
            "f1": 0.9932004495495141,
            "recall": 0.9932
        }
    },
    "19": {
        "loss": 0.03455477555383173,
        "metrics": {
            "acc1": 0.9929,
            "precision": 0.9929075888001601,
            "f1": 0.9929011343111354,
            "recall": 0.9929
        }
    },
    "20": {
        "loss": 0.03248744601075013,
        "metrics": {
            "acc1": 0.9932,
            "precision": 0.9932034824073726,
            "f1": 0.9932002943980301,
            "recall": 0.9932
        }
    },
    "21": {
        "loss": 0.034191789882945696,
        "metrics": {
            "acc1": 0.9925,
            "precision": 0.9925030996975541,
            "f1": 0.9924989765904831,
            "recall": 0.9925
        }
    },
    "22": {
        "loss": 0.03157900630551621,
        "metrics": {
            "acc1": 0.9935,
            "precision": 0.9935054306941987,
            "f1": 0.9935009875036199,
            "recall": 0.9935
        }
    },
    "23": {
        "loss": 0.033299891888117085,
        "metrics": {
            "acc1": 0.9935,
            "precision": 0.9935019568704505,
            "f1": 0.9934990081728771,
            "recall": 0.9935
        }
    },
    "24": {
        "loss": 0.0343774043651105,
        "metrics": {
            "acc1": 0.9931,
            "precision": 0.9931028475036159,
            "f1": 0.993099036682466,
            "recall": 0.9931
        }
    },
    "25": {
        "loss": 0.034813422136781465,
        "metrics": {
            "acc1": 0.9932,
            "precision": 0.9932020282869908,
            "f1": 0.9931991899398889,
            "recall": 0.9932
        }
    },
    "26": {
        "loss": 0.035123965841735445,
        "metrics": {
            "acc1": 0.9933,
            "precision": 0.9933013490177007,
            "f1": 0.9932990119154887,
            "recall": 0.9933
        }
    },
    "27": {
        "loss": 0.033592117668924275,
        "metrics": {
            "acc1": 0.9937,
            "precision": 0.9937041306945416,
            "f1": 0.9936999486855922,
            "recall": 0.9937
        }
    },
    "28": {
        "loss": 0.036727122723886806,
        "metrics": {
            "acc1": 0.9933,
            "precision": 0.9933012538789345,
            "f1": 0.9932991604610454,
            "recall": 0.9933
        }
    },
    "29": {
        "loss": 0.035868494145358816,
        "metrics": {
            "acc1": 0.9933,
            "precision": 0.9933010288855832,
            "f1": 0.9932991493643077,
            "recall": 0.9933
        }
    },
    "30": {
        "loss": 0.036215709390725055,
        "metrics": {
            "acc1": 0.9932,
            "precision": 0.9932016313996599,
            "f1": 0.9931993539143843,
            "recall": 0.9932
        }
    },
    "31": {
        "loss": 0.03628761222715388,
        "metrics": {
            "acc1": 0.9932,
            "precision": 0.9932009515230636,
            "f1": 0.9931991181641774,
            "recall": 0.9932
        }
    },
    "32": {
        "loss": 0.036454896198014515,
        "metrics": {
            "acc1": 0.9932,
            "precision": 0.9932027748047325,
            "f1": 0.9931996177060594,
            "recall": 0.9932
        }
    },
    "33": {
        "loss": 0.036729409220023684,
        "metrics": {
            "acc1": 0.9934,
            "precision": 0.993402952687759,
            "f1": 0.9933994524120943,
            "recall": 0.9934
        }
    },
    "34": {
        "loss": 0.03640674924898683,
        "metrics": {
            "acc1": 0.9935,
            "precision": 0.9935036155099902,
            "f1": 0.9934996292857401,
            "recall": 0.9935
        }
    },
    "35": {
        "loss": 0.03712316758913081,
        "metrics": {
            "acc1": 0.9934,
            "precision": 0.9934028095869835,
            "f1": 0.9933991947692473,
            "recall": 0.9934
        }
    },
    "36": {
        "loss": 0.036957366708931086,